OID_,kelurahan,area,kecamatan,kota,provinsi,total_pop,prod_age_perc,age_under20,age_productive,age_above60
1,ANCOL,813.562788700983447,Pademangan,Jakarta Utara,DKI Jakarta,30405,0.596546621000000,9849,18138,2418
2,PEKOJAN,79.936832152057946,Tambora,Jakarta Barat,DKI Jakarta,28203,0.592135588000000,7846,16700,3657
3,MARUNDA,764.605762459978109,Cilincing,Jakarta Utara,DKI Jakarta,38596,0.567623588000000,14694,21908,1994
4,KAYU PUTIH,384.474101523771708,Pulo Gadung,Jakarta Timur,DKI Jakarta,49943,0.598402178000000,14792,29886,5265
5,LAGOA,157.466981668187458,Koja,Jakarta Utara,DKI Jakarta,76596,0.581270562000000,26597,44523,5476
6,MANGGA BESAR,55.116700900895850,Taman Sari,Jakarta Barat,DKI Jakarta,8974,0.582349008000000,2239,5226,1509
7,JEMBATAN LIMA,46.311832024252539,Tambora,Jakarta Barat,DKI Jakarta,25719,0.599440103000000,7680,15417,2622
8,DUREN TIGA,199.006633870144753,Pancoran,Jakarta Selatan,DKI Jakarta,34740,0.601957398000000,10675,20912,3153
9,KELAPA GADING TIMUR,315.643787727281563,Kelapa Gading,Jakarta Utara,DKI Jakarta,40253,0.569373711000000,10315,22919,7019
10,DUKUH,170.346156202678799,Kramat Jati,Jakarta Timur,DKI Jakarta,31406,0.586384767000000,10560,18416,2430
11,KUNINGAN TIMUR,219.530986138718589,Setiabudi,Jakarta Selatan,DKI Jakarta,7188,0.615331107000000,2072,4423,693
12,GROGOL SELATAN,284.521499749016243,Kebayoran Lama,Jakarta Selatan,DKI Jakarta,54963,0.600149191000000,17169,32986,4808
13,CIGANJUR,361.518093430973522,Jagakarsa,Jakarta Selatan,DKI Jakarta,49123,0.596054801000000,16410,29280,3433
14,PASAR BARU,183.085275382038844,Sawah Besar,Jakarta Pusat,DKI Jakarta,15333,0.579273462000000,3664,8882,2787
15,PONDOK KELAPA,577.181772506495349,Duren Sawit,Jakarta Timur,DKI Jakarta,90973,0.582920207000000,29355,53030,8588
16,SLIPI,98.533470339754786,Palmerah,Jakarta Barat,DKI Jakarta,20534,0.593746956000000,6395,12192,1947
17,PESANGGRAHAN,198.425891950707552,Pesanggrahan,Jakarta Selatan,DKI Jakarta,34624,0.591006238000000,11271,20463,2890
18,KOTA BAMBU UTARA,67.099004106625500,Palmerah,Jakarta Barat,DKI Jakarta,31881,0.582792259000000,10712,18580,2589
19,TANJUNG PRIOK,385.282656379380796,Tanjung Priok,Jakarta Utara,DKI Jakarta,44061,0.596990536000000,14793,26304,2964
20,BALI MESTER,66.854348763014016,Jatinegara,Jakarta Timur,DKI Jakarta,11534,0.590601699000000,3113,6812,1609
21,WIJAYA KUSUMA,228.185413804246480,Grogol Petamburan,Jakarta Barat,DKI Jakarta,48144,0.603979727000000,14459,29078,4607
22,PULAU PARI,148.387485557752598,Kepulauan Seribu Selatan,Kepulauan Seribu,DKI Jakarta,3729,0.561276482000000,1408,2093,228
23,PEGADUNGAN,750.457752422182239,Kalideres,Jakarta Barat,DKI Jakarta,95792,0.604319776000000,31296,57889,6607
24,RAWAJATI,148.580993128802874,Pancoran,Jakarta Selatan,DKI Jakarta,25849,0.611629077000000,7873,15810,2166
25,MUNJUL,192.678648808950243,Cipayung,Jakarta Timur,DKI Jakarta,30517,0.588884884000000,10275,17971,2271
26,KEMBANGAN UTARA,424.277639865273329,Kembangan,Jakarta Barat,DKI Jakarta,69089,0.596824386000000,22925,41234,4930
27,RAWA BUAYA,373.836266086603587,Cengkareng,Jakarta Barat,DKI Jakarta,82133,0.596276771000000,27306,48974,5853
28,SUKABUMI UTARA,154.551465652160260,Kebon Jeruk,Jakarta Barat,DKI Jakarta,48995,0.586835391000000,16315,28752,3928
29,KEBON PALA,230.835450562619087,Makasar,Jakarta Timur,DKI Jakarta,58677,0.598820662000000,18830,35137,4710
30,BATU AMPAR,252.960941518211087,Kramat Jati,Jakarta Timur,DKI Jakarta,61120,0.585880236000000,20511,35809,4800
31,PULAU KELAPA,32.689907608751760,Kepulauan Seribu Utara,Kepulauan Seribu,DKI Jakarta,7298,0.566730611000000,2669,4136,493
32,GROGOL,101.396343014115374,Grogol Petamburan,Jakarta Barat,DKI Jakarta,20371,0.602277748000000,5686,12269,2416
33,KALI BARU,247.644873097353610,Cilincing,Jakarta Utara,DKI Jakarta,89748,0.571422204000000,33299,51284,5165
34,KEBON BARU,125.305835909249097,Tebet,Jakarta Selatan,DKI Jakarta,43564,0.587136167000000,13825,25578,4161
35,KEBON SIRIH,77.827423603567183,Menteng,Jakarta Pusat,DKI Jakarta,15384,0.593408736000000,4527,9129,1728
36,LENTENG AGUNG,313.433657263816826,Jagakarsa,Jakarta Selatan,DKI Jakarta,68097,0.591846924000000,22513,40303,5281
37,GALUR,28.336999774893343,Johar Baru,Jakarta Pusat,DKI Jakarta,22908,0.593024271000000,7395,13585,1928
38,MELAWAI,126.829332646433258,Kebayoran Baru,Jakarta Selatan,DKI Jakarta,2982,0.586183769000000,715,1748,519
39,KEBON MANGGIS,78.177455534538524,Matraman,Jakarta Timur,DKI Jakarta,19945,0.602005515000000,5708,12007,2230
40,GUNUNG SAHARI UTARA,118.657746691239865,Sawah Besar,Jakarta Pusat,DKI Jakarta,20190,0.590539871000000,5231,11923,3036
41,WARAKAS,108.115935163828240,Tanjung Priok,Jakarta Utara,DKI Jakarta,57072,0.592304458000000,19441,33804,3827
42,KRUKUT,55.497279600663170,Taman Sari,Jakarta Barat,DKI Jakarta,23573,0.591693887000000,7029,13948,2596
43,GROGOL UTARA,329.379928466374167,Kebayoran Lama,Jakarta Selatan,DKI Jakarta,52369,0.599133075000000,16414,31376,4579
44,JEMBATAN BESI,53.777081123263308,Tambora,Jakarta Barat,DKI Jakarta,36506,0.615707007000000,11391,22477,2638
45,BENDUNGAN HILIR,157.376572729259692,Tanah Abang,Jakarta Pusat,DKI Jakarta,26555,0.601280362000000,7620,15967,2968
46,TANJUNG DUREN SELATAN,135.187296729383974,Grogol Petamburan,Jakarta Barat,DKI Jakarta,30601,0.620306526000000,8264,18982,3355
47,TEGAL ALUR,556.126966773991853,Kalideres,Jakarta Barat,DKI Jakarta,107329,0.599511782000000,36518,64345,6466
48,PENGGILINGAN,445.240692737299014,Cakung,Jakarta Timur,DKI Jakarta,129532,0.589035914000000,44632,76299,8601
49,RAWA BUNGA,83.802970524416352,Jatinegara,Jakarta Timur,DKI Jakarta,26828,0.577493663000000,8667,15493,2668
50,KALIANYAR,30.569330639346777,Tambora,Jakarta Barat,DKI Jakarta,29622,0.606947539000000,9375,17979,2268
51,SEMPER BARAT,333.092638912561085,Cilincing,Jakarta Utara,DKI Jakarta,88775,0.587316249000000,30501,52139,6135
52,PULO GEBANG,668.795965177446078,Cakung,Jakarta Timur,DKI Jakarta,124804,0.590894523000000,41666,73746,9392
53,PEGANGSAAN DUA,552.874296796223916,Kelapa Gading,Jakarta Utara,DKI Jakarta,60866,0.597394276000000,17364,36361,7141
54,KOTA BAMBU SELATAN,58.738566361417575,Palmerah,Jakarta Barat,DKI Jakarta,27781,0.591123430000000,9303,16422,2056
55,DURI UTARA,37.077627913830845,Tambora,Jakarta Barat,DKI Jakarta,24105,0.597220494000000,7241,14396,2468
56,UTAN KAYU SELATAN,113.275476646181644,Matraman,Jakarta Timur,DKI Jakarta,41402,0.588667214000000,12789,24372,4241
57,PETAMBURAN,88.676178077914201,Tanah Abang,Jakarta Pusat,DKI Jakarta,42894,0.590781928000000,14057,25341,3496
58,MAMPANG PRAPATAN,80.738841520720982,Mampang Prapatan,Jakarta Selatan,DKI Jakarta,22671,0.606325261000000,7180,13746,1745
59,KAMPUNG TENGAH,200.463197432073656,Kramat Jati,Jakarta Timur,DKI Jakarta,56662,0.583212735000000,19426,33046,4190
60,GANDARIA SELATAN,134.900518000222405,Cilandak,Jakarta Selatan,DKI Jakarta,27265,0.595855492000000,8381,16246,2638
61,KEAGUNGAN,35.371989297119391,Taman Sari,Jakarta Barat,DKI Jakarta,21249,0.594898583000000,6361,12641,2247
62,KELAPA GADING BARAT,727.552629957656222,Kelapa Gading,Jakarta Utara,DKI Jakarta,43654,0.596119485000000,12521,26023,5110
63,BARU,191.793354506493557,Pasar Rebo,Jakarta Timur,DKI Jakarta,30482,0.594285152000000,10522,18115,1845
64,KEBON JERUK,371.275043313428228,Kebon Jeruk,Jakarta Barat,DKI Jakarta,68210,0.595440551000000,22186,40615,5409
65,CIJANTUNG,252.298474815186353,Pasar Rebo,Jakarta Timur,DKI Jakarta,52022,0.597650994000000,16743,31091,4188
66,KARET TENGSIN,151.691711720098311,Tanah Abang,Jakarta Pusat,DKI Jakarta,24428,0.596856067000000,7831,14580,2017
67,PENGADEGAN,96.309425170081312,Pancoran,Jakarta Selatan,DKI Jakarta,26742,0.607097450000000,8144,16235,2363
68,KAMAL MUARA,1121.707285688873526,Penjaringan,Jakarta Utara,DKI Jakarta,16866,0.581287798000000,5714,9804,1348
69,PALMERIAM,64.418477273562360,Matraman,Jakarta Timur,DKI Jakarta,24264,0.602209034000000,7129,14612,2523
70,KALIBATA,231.268748360572886,Pancoran,Jakarta Selatan,DKI Jakarta,52735,0.597307291000000,16972,31499,4264
71,PONDOK LABU,354.114419850096226,Cilandak,Jakarta Selatan,DKI Jakarta,57763,0.589771999000000,18665,34067,5031
72,MANGGA DUA SELATAN,132.311698677574327,Sawah Besar,Jakarta Pusat,DKI Jakarta,35608,0.603459897000000,10275,21488,3845
73,SEMPER TIMUR,460.204896026759343,Cilincing,Jakarta Utara,DKI Jakarta,46715,0.584073638000000,16260,27285,3170
74,PETOGOGAN,85.316452066784436,Kebayoran Baru,Jakarta Selatan,DKI Jakarta,13994,0.593468629000000,4093,8305,1596
75,BANGKA,312.753123395065984,Mampang Prapatan,Jakarta Selatan,DKI Jakarta,26513,0.610983291000000,8055,16199,2259
76,SRENGSENG,463.551970226000890,Kembangan,Jakarta Barat,DKI Jakarta,57730,0.589970553000000,18980,34059,4691
77,KEBON KACANG,71.408149223174519,Tanah Abang,Jakarta Pusat,DKI Jakarta,27093,0.585501790000000,8128,15863,3102
78,CAWANG,182.469758843124708,Kramat Jati,Jakarta Timur,DKI Jakarta,40821,0.598515470000000,12710,24432,3679
79,KEDAUNG KALI ANGKE,303.682930069183897,Cengkareng,Jakarta Barat,DKI Jakarta,41302,0.608057721000000,13512,25114,2676
80,KEBON KELAPA,80.750224913841492,Gambir,Jakarta Pusat,DKI Jakarta,12441,0.589582831000000,3381,7335,1725
81,SUNGAI BAMBU,251.658437895622797,Tanjung Priok,Jakarta Utara,DKI Jakarta,37838,0.591336751000000,12568,22375,2895
82,KEDOYA SELATAN,256.315339465777072,Kebon Jeruk,Jakarta Barat,DKI Jakarta,40153,0.590815132000000,12443,23723,3987
83,PEKAYON,307.939807317314489,Pasar Rebo,Jakarta Timur,DKI Jakarta,55329,0.593612753000000,18460,32844,4025
84,CIPETE UTARA,172.186775110038695,Kebayoran Baru,Jakarta Selatan,DKI Jakarta,42237,0.603925468000000,13250,25508,3479
85,PONDOK BAMBU,405.366283136737025,Duren Sawit,Jakarta Timur,DKI Jakarta,77415,0.589472324000000,24766,45634,7015
86,PULAU PANGGANG,51.011655104919761,Kepulauan Seribu Utara,Kepulauan Seribu,DKI Jakarta,7176,0.575390190000000,2615,4129,432
87,KEBON BAWANG,169.088697346549054,Tanjung Priok,Jakarta Utara,DKI Jakarta,64656,0.594577456000000,21299,38443,4914
88,BALE KAMBANG,168.138514201094608,Kramat Jati,Jakarta Timur,DKI Jakarta,37298,0.588825138000000,12612,21962,2724
89,PINANG RANTI,207.657329325872126,Makasar,Jakarta Timur,DKI Jakarta,34906,0.592620180000000,11739,20686,2481
90,PALMERAH,228.819211052994234,Palmerah,Jakarta Barat,DKI Jakarta,78566,0.597357636000000,24962,46932,6672
91,CEGER,176.434112759598094,Cipayung,Jakarta Timur,DKI Jakarta,23834,0.595955358000000,7873,14204,1757
92,KAMPUNG BALI,76.559786362750032,Tanah Abang,Jakarta Pusat,DKI Jakarta,13960,0.569627507000000,4390,7952,1618
93,MANGGARAI SELATAN,56.204947130816933,Tebet,Jakarta Selatan,DKI Jakarta,28452,0.595986222000000,8748,16957,2747
94,JATINEGARA,637.766069839726356,Cakung,Jakarta Timur,DKI Jakarta,107952,0.604639099000000,36618,65272,6062
95,JAGAKARSA,511.601229681611073,Jagakarsa,Jakarta Selatan,DKI Jakarta,79161,0.594926795000000,26044,47095,6022
96,PINANGSIA,100.966716684276022,Taman Sari,Jakarta Barat,DKI Jakarta,12886,0.593977961000000,3608,7654,1624
97,KEBAGUSAN,277.683652352437889,Pasar Minggu,Jakarta Selatan,DKI Jakarta,56843,0.592632338000000,19108,33687,4048
98,CIPINANG,149.566738788500061,Pulo Gadung,Jakarta Timur,DKI Jakarta,48690,0.599466009000000,14960,29188,4542
99,DURI KEPA,372.382348891673587,Kebon Jeruk,Jakarta Barat,DKI Jakarta,74168,0.590780390000000,21965,43817,8386
100,KAPUK,518.650479281728167,Cengkareng,Jakarta Barat,DKI Jakarta,173535,0.595822168000000,59841,103396,10298
101,PETUKANGAN SELATAN,212.570946838961959,Pesanggrahan,Jakarta Selatan,DKI Jakarta,46836,0.593709967000000,15128,27807,3901
102,CILANDAK TIMUR,382.076205011432876,Pasar Minggu,Jakarta Selatan,DKI Jakarta,31489,0.609355648000000,10118,19188,2183
103,JATI,211.323901128844369,Pulo Gadung,Jakarta Timur,DKI Jakarta,39879,0.591564483000000,11678,23591,4610
104,TANJUNG DUREN UTARA,132.963775041370496,Grogol Petamburan,Jakarta Barat,DKI Jakarta,20451,0.579287076000000,5617,11847,2987
105,CIPINANG BESAR UTARA,111.409873361883214,Jatinegara,Jakarta Timur,DKI Jakarta,58006,0.587301314000000,19368,34067,4571
106,CIPEDAK,408.125874870016389,Jagakarsa,Jakarta Selatan,DKI Jakarta,48974,0.592640993000000,16607,29024,3343
107,CIPINANG MUARA,270.940163965216811,Jatinegara,Jakarta Timur,DKI Jakarta,68936,0.583961936000000,21921,40256,6759
108,DURI KOSAMBI,528.650519906935756,Cengkareng,Jakarta Barat,DKI Jakarta,100018,0.591793477000000,33673,59190,7155
109,RAWAMANGUN,262.921322311021186,Pulo Gadung,Jakarta Timur,DKI Jakarta,46147,0.596376796000000,13938,27521,4688
110,KARANG ANYAR,51.199045943839891,Sawah Besar,Jakarta Pusat,DKI Jakarta,32426,0.590482946000000,9566,19147,3713
111,GANDARIA UTARA,153.706910110559818,Kebayoran Baru,Jakarta Selatan,DKI Jakarta,48684,0.602004765000000,14529,29308,4847
112,JATI PULO,83.164613309975721,Palmerah,Jakarta Barat,DKI Jakarta,35872,0.585108162000000,11568,20989,3315
113,SUNTER AGUNG,533.280814539002449,Tanjung Priok,Jakarta Utara,DKI Jakarta,88500,0.589627119000000,26536,52182,9782
114,KEBAYORAN LAMA UTARA,228.860677022290645,Kebayoran Lama,Jakarta Selatan,DKI Jakarta,52926,0.594112534000000,17059,31444,4423
115,KAPUK MUARA,841.220372996456604,Penjaringan,Jakarta Utara,DKI Jakarta,45524,0.585317635000000,14582,26646,4296
116,DUREN SAWIT,460.816478368473611,Duren Sawit,Jakarta Timur,DKI Jakarta,76558,0.585699731000000,24461,44840,7257
117,MANGGARAI,106.200333726735209,Tebet,Jakarta Selatan,DKI Jakarta,35411,0.586258507000000,11283,20760,3368
118,DURI PULO,69.927739374799472,Gambir,Jakarta Pusat,DKI Jakarta,24525,0.589480122000000,7566,14457,2502
119,GAMBIR,247.875059118666258,Gambir,Jakarta Pusat,DKI Jakarta,2891,0.643030093000000,703,1859,329
120,TOMANG,179.920358613710107,Grogol Petamburan,Jakarta Barat,DKI Jakarta,35810,0.601787210000000,10138,21550,4122
121,CIDENG,126.216106732506091,Gambir,Jakarta Pusat,DKI Jakarta,18639,0.584902624000000,4884,10902,2853
122,TAMBORA,28.436534736820835,Tambora,Jakarta Barat,DKI Jakarta,12378,0.588059460000000,3543,7279,1556
123,KAMPUNG MELAYU,45.444925123860841,Jatinegara,Jakarta Timur,DKI Jakarta,32755,0.576186842000000,11041,18873,2841
124,CENGKARENG TIMUR,448.252428642668860,Cengkareng,Jakarta Barat,DKI Jakarta,103760,0.599730146000000,34629,62228,6903
125,CIPAYUNG,247.526135533427578,Cipayung,Jakarta Timur,DKI Jakarta,33046,0.602554016000000,10465,19912,2669
126,KOJA,255.839428513331853,Koja,Jakarta Utara,DKI Jakarta,35832,0.593882563000000,12092,21280,2460
127,HARAPAN MULYA,51.023589329735856,Kemayoran,Jakarta Pusat,DKI Jakarta,28895,0.588579339000000,9304,17007,2584
128,SUNTER JAYA,521.112962411716921,Tanjung Priok,Jakarta Utara,DKI Jakarta,79878,0.585530434000000,25632,46771,7475
129,KARET,96.890946708105744,Setiabudi,Jakarta Selatan,DKI Jakarta,11504,0.618393602000000,3209,7114,1181
130,CILINCING,664.915225784281233,Cilincing,Jakarta Utara,DKI Jakarta,58693,0.575724533000000,21162,33791,3740
131,PISANGAN BARU,73.363034348064701,Matraman,Jakarta Timur,DKI Jakarta,39450,0.587832700000000,12374,23190,3886
132,CENGKARENG BARAT,396.064832350202323,Cengkareng,Jakarta Barat,DKI Jakarta,83236,0.594262098000000,26854,49464,6918
133,CIPINANG CEMPEDAK,163.708368796679878,Jatinegara,Jakarta Timur,DKI Jakarta,39910,0.592032072000000,11602,23628,4680
134,GLODOK,36.211874764523728,Taman Sari,Jakarta Barat,DKI Jakarta,8957,0.565814447000000,1952,5068,1937
135,PETUKANGAN UTARA,266.971779330437698,Pesanggrahan,Jakarta Selatan,DKI Jakarta,67678,0.589970153000000,22211,39928,5539
136,TANAH TINGGI,61.272659847621981,Johar Baru,Jakarta Pusat,DKI Jakarta,48232,0.588406037000000,15584,28380,4268
137,GUNUNG,141.062374350642216,Kebayoran Baru,Jakarta Selatan,DKI Jakarta,11268,0.593095492000000,3136,6683,1449
138,HALIM PERDANA KUSUMA,1283.713311724038704,Makasar,Jakarta Timur,DKI Jakarta,35565,0.613215240000000,11770,21809,1986
139,SEMANAN,547.639800813617512,Kalideres,Jakarta Barat,DKI Jakarta,91934,0.598973176000000,32101,55066,4767
140,UJUNG MENTENG,438.867704245062612,Cakung,Jakarta Timur,DKI Jakarta,38355,0.589988268000000,12927,22629,2799
141,TANGKI,38.110584087902545,Taman Sari,Jakarta Barat,DKI Jakarta,15769,0.602257594000000,4224,9497,2048
142,TUGU SELATAN,183.782069668047029,Koja,Jakarta Utara,DKI Jakarta,51480,0.587121212000000,18371,30225,2884
143,CILANGKAP,565.780900868560707,Cipayung,Jakarta Timur,DKI Jakarta,35634,0.601588371000000,12141,21437,2056
144,SENEN,82.742727811101446,Senen,Jakarta Pusat,DKI Jakarta,8503,0.591908738000000,2597,5033,873
145,KALIDERES,561.435184234780081,Kalideres,Jakarta Barat,DKI Jakarta,91804,0.603829898000000,30072,55434,6298
146,SELONG,144.426999298110871,Kebayoran Baru,Jakarta Selatan,DKI Jakarta,3223,0.584238287000000,759,1883,581
147,KUNINGAN BARAT,95.854796529343403,Mampang Prapatan,Jakarta Selatan,DKI Jakarta,15942,0.609396563000000,4952,9715,1275
148,CIPINANG BESAR SELATAN,164.959873634969966,Jatinegara,Jakarta Timur,DKI Jakarta,44576,0.591057968000000,14699,26347,3530
149,KEMANGGISAN,200.142358512172592,Palmerah,Jakarta Barat,DKI Jakarta,39401,0.596482323000000,12008,23502,3891
150,PADEMANGAN TIMUR,350.603339529145160,Pademangan,Jakarta Utara,DKI Jakarta,46377,0.594130711000000,13623,27554,5200
151,TAMAN MINI INDONESIA INDAH (TMII),179.174029621370011,Cipayung,Jakarta Timur,DKI Jakarta,,,,,
152,TAMAN SARI,68.227050694032812,Taman Sari,Jakarta Barat,DKI Jakarta,17146,0.584334539000000,4546,10019,2581
153,UTAN KAYU UTARA,99.740680195098065,Matraman,Jakarta Timur,DKI Jakarta,34884,0.596118564000000,10842,20795,3247
154,CIKOKO,69.722793789926882,Pancoran,Jakarta Selatan,DKI Jakarta,12973,0.608109150000000,3937,7889,1147
155,PETOJO SELATAN,112.914693012416947,Gambir,Jakarta Pusat,DKI Jakarta,18295,0.594096748000000,5164,10869,2262
156,RAWABADAK UTARA,125.846407452690954,Koja,Jakarta Utara,DKI Jakarta,44320,0.581520758000000,15293,25773,3254
157,DURI SELATAN,38.255964926801177,Tambora,Jakarta Barat,DKI Jakarta,17216,0.597177045000000,4961,10281,1974
158,PLUIT,766.395489031317879,Penjaringan,Jakarta Utara,DKI Jakarta,58442,0.572276787000000,15874,33445,9123
159,PISANGAN TIMUR,183.525002583608511,Pulo Gadung,Jakarta Timur,DKI Jakarta,50970,0.592937022000000,16004,30222,4744
160,KEBON MELATI,124.018443711453259,Tanah Abang,Jakarta Pusat,DKI Jakarta,41017,0.589365385000000,13412,24174,3431
161,MERUYA SELATAN,314.354415475899259,Kembangan,Jakarta Barat,DKI Jakarta,41279,0.588604375000000,13740,24297,3242
162,SUMUR BATU,113.953127344500132,Kemayoran,Jakarta Pusat,DKI Jakarta,28752,0.588341681000000,9003,16916,2833
163,CIPULIR,169.161916462778947,Kebayoran Lama,Jakarta Selatan,DKI Jakarta,50008,0.597324428000000,16158,29871,3979
164,PELA MAMPANG,193.551071449745820,Mampang Prapatan,Jakarta Selatan,DKI Jakarta,53490,0.606561974000000,16241,32445,4804
165,KAYU MANIS,54.203818712555801,Matraman,Jakarta Timur,DKI Jakarta,31149,0.592956435000000,9607,18470,3072
166,GUNTUR,67.062072453472169,Setiabudi,Jakarta Selatan,DKI Jakarta,4638,0.592712376000000,1129,2749,760
167,JOGLO,445.440523262819625,Kembangan,Jakarta Barat,DKI Jakarta,51842,0.582018441000000,17130,30173,4539
168,KRAMAT JATI,150.939437600216564,Kramat Jati,Jakarta Timur,DKI Jakarta,42554,0.602223058000000,13381,25627,3546
169,SENAYAN,142.801888272966664,Kebayoran Baru,Jakarta Selatan,DKI Jakarta,3028,0.605680317000000,797,1834,397
170,PONDOK PINANG,704.353354501993977,Kebayoran Lama,Jakarta Selatan,DKI Jakarta,69735,0.586850219000000,21572,40924,7239
171,KARET SEMANGGI,91.648762497086238,Setiabudi,Jakarta Selatan,DKI Jakarta,3317,0.615315044000000,889,2041,387
172,PULO,110.272145436499471,Kebayoran Baru,Jakarta Selatan,DKI Jakarta,6767,0.589478351000000,1724,3989,1054
173,GEDONG,252.876219179737518,Pasar Rebo,Jakarta Timur,DKI Jakarta,45195,0.587564996000000,14883,26555,3757
174,CAKUNG BARAT,572.016345988393368,Cakung,Jakarta Timur,DKI Jakarta,74947,0.597582291000000,26505,44787,3655
175,PAPANGGO,300.054827149394953,Tanjung Priok,Jakarta Utara,DKI Jakarta,50212,0.587548793000000,17095,29502,3615
176,ULUJAMI,205.776857489078395,Pesanggrahan,Jakarta Selatan,DKI Jakarta,51921,0.588278346000000,17451,30544,3926
177,KAMPUNG RAWA,29.990906100912497,Johar Baru,Jakarta Pusat,DKI Jakarta,27174,0.586479723000000,8973,15937,2264
178,TEGAL PARANG,104.974216341009196,Mampang Prapatan,Jakarta Selatan,DKI Jakarta,40196,0.606727038000000,12851,24388,2957
179,MAKASAR,142.046794865778622,Makasar,Jakarta Timur,DKI Jakarta,43658,0.585276467000000,14222,25552,3884
180,SUKABUMI SELATAN,167.314019372165262,Kebon Jeruk,Jakarta Barat,DKI Jakarta,47656,0.595664764000000,16180,28387,3089
181,KEBAYORAN LAMA SELATAN,209.738024438246981,Kebayoran Lama,Jakarta Selatan,DKI Jakarta,50914,0.597870920000000,15813,30440,4661
182,PEJATEN TIMUR,289.113081201204693,Pasar Minggu,Jakarta Selatan,DKI Jakarta,72663,0.596837455000000,23733,43368,5562
183,RAWA TERATE,436.488462181946943,Cakung,Jakarta Timur,DKI Jakarta,31551,0.600329625000000,10676,18941,1934
184,JATINEGARA KAUM,127.309437416992054,Pulo Gadung,Jakarta Timur,DKI Jakarta,31248,0.597126216000000,10311,18659,2278
185,JATI PADANG,240.121308652340673,Pasar Minggu,Jakarta Selatan,DKI Jakarta,46881,0.595678420000000,14785,27926,4170
186,JELAMBAR,153.612393313115433,Grogol Petamburan,Jakarta Barat,DKI Jakarta,36370,0.594198515000000,10095,21611,4664
187,CAKUNG TIMUR,841.020758160504670,Cakung,Jakarta Timur,DKI Jakarta,75842,0.591756547000000,26036,44880,4926
188,PETOJO UTARA,111.621610510740496,Gambir,Jakarta Pusat,DKI Jakarta,21513,0.587226328000000,6108,12633,2772
189,CILANDAK BARAT,588.429101665870462,Cilandak,Jakarta Selatan,DKI Jakarta,63214,0.601812890000000,18844,38043,6327
190,KEDOYA UTARA,294.529093310104543,Kebon Jeruk,Jakarta Barat,DKI Jakarta,56695,0.592045154000000,17144,33566,5985
191,PULAU HARAPAN,11.250035130788259,Kepulauan Seribu Utara,Kepulauan Seribu,DKI Jakarta,2684,0.587555887000000,946,1577,161
192,RAWA BARAT,64.325999347049603,Kebayoran Baru,Jakarta Selatan,DKI Jakarta,6674,0.590500450000000,1721,3941,1012
193,MERUYA UTARA,414.303593884182760,Kembangan,Jakarta Barat,DKI Jakarta,55308,0.591343025000000,17315,32706,5287
194,GONDANGDIA,148.554642136448138,Menteng,Jakarta Pusat,DKI Jakarta,4799,0.575119817000000,1114,2760,925
195,KELAPA DUA WETAN,337.282494950816215,Ciracas,Jakarta Timur,DKI Jakarta,59297,0.588141053000000,19321,34875,5101
196,TANJUNG BARAT,358.718116295088123,Jagakarsa,Jakarta Selatan,DKI Jakarta,50240,0.596437102000000,16341,29965,3934
197,PENJAGALAN,375.873852776542606,Penjaringan,Jakarta Utara,DKI Jakarta,91483,0.594438311000000,26989,54381,10113
198,KARTINI,54.482109697783912,Sawah Besar,Jakarta Pusat,DKI Jakarta,27438,0.591369633000000,7475,16226,3737
199,MALAKA JAYA,107.362158095301851,Duren Sawit,Jakarta Timur,DKI Jakarta,37824,0.580848139000000,11874,21970,3980
200,BUNGUR,63.922824553855612,Senen,Jakarta Pusat,DKI Jakarta,22763,0.589157844000000,6825,13411,2527
201,MALAKA SARI,129.982815199826632,Duren Sawit,Jakarta Timur,DKI Jakarta,33523,0.578080721000000,10182,19379,3962
202,ROROTAN,1034.652737623877556,Cilincing,Jakarta Utara,DKI Jakarta,55950,0.575084897000000,20777,32176,2997
203,GELORA,338.611722927304697,Tanah Abang,Jakarta Pusat,DKI Jakarta,3939,0.602691038000000,1127,2374,438
204,TANAH SEREAL,62.631441308286853,Tambora,Jakarta Barat,DKI Jakarta,32106,0.591104466000000,9289,18978,3839
205,PULO GADUNG,176.856925805856037,Pulo Gadung,Jakarta Timur,DKI Jakarta,42939,0.604904632000000,13195,25974,3770
206,CIBUBUR,484.215166952717766,Ciracas,Jakarta Timur,DKI Jakarta,83581,0.587154975000000,27421,49075,7085
207,LEBAK BULUS,437.714912033862447,Cilandak,Jakarta Selatan,DKI Jakarta,46550,0.592137487000000,14334,27564,4652
208,PASEBAN,81.818688880066219,Senen,Jakarta Pusat,DKI Jakarta,29567,0.595968478000000,8925,17621,3021
209,PONDOK KOPI,223.055257614758972,Duren Sawit,Jakarta Timur,DKI Jakarta,44869,0.585950211000000,14602,26291,3976
210,PANCORAN,139.739865531693113,Pancoran,Jakarta Selatan,DKI Jakarta,24463,0.591832563000000,7933,14478,2052
211,KENARI,90.978352307572408,Senen,Jakarta Pusat,DKI Jakarta,11642,0.608486514000000,3177,7084,1381
212,RAWABADAK SELATAN,174.435563679315976,Koja,Jakarta Utara,DKI Jakarta,55209,0.579688094000000,19713,32004,3492
213,PASAR MINGGU,195.605831437116223,Pasar Minggu,Jakarta Selatan,DKI Jakarta,30635,0.593471520000000,9393,18181,3061
214,SUKA PURA,636.539290107555189,Cilincing,Jakarta Utara,DKI Jakarta,70121,0.600390753000000,24166,42100,3855
215,UTAN PANJANG,54.048257142693302,Kemayoran,Jakarta Pusat,DKI Jakarta,37492,0.588525552000000,12360,22065,3067
216,JELAMBAR BARU,141.150121097305430,Grogol Petamburan,Jakarta Barat,DKI Jakarta,46676,0.593131374000000,13436,27685,5555
217,SETIABUDI,67.567684671676687,Setiabudi,Jakarta Selatan,DKI Jakarta,3548,0.619785795000000,928,2199,421
218,CILILITAN,177.691733571327973,Kramat Jati,Jakarta Timur,DKI Jakarta,50456,0.593804503000000,16131,29961,4364
219,PEJATEN BARAT,304.697577874247941,Pasar Minggu,Jakarta Selatan,DKI Jakarta,46421,0.596669611000000,14627,27698,4096
220,KRENDANG,33.053107418720636,Tambora,Jakarta Barat,DKI Jakarta,24819,0.601595552000000,7669,14931,2219
221,BINTARO,456.451398168068579,Pesanggrahan,Jakarta Selatan,DKI Jakarta,66250,0.596000000000000,21091,39485,5674
222,KAMAL,554.980527725232264,Kalideres,Jakarta Barat,DKI Jakarta,70417,0.593904881000000,25042,41821,3554
223,BAMBU APUS,318.880638852660923,Cipayung,Jakarta Timur,DKI Jakarta,33575,0.591660462000000,11145,19865,2565
224,KEBON KOSONG,87.505938552335223,Kemayoran,Jakarta Pusat,DKI Jakarta,38235,0.592519942000000,12298,22655,3282
225,PASAR MANGGIS,76.437495475649598,Setiabudi,Jakarta Selatan,DKI Jakarta,33342,0.594745366000000,10506,19830,3006
226,KEMAYORAN,66.706044320339075,Kemayoran,Jakarta Pusat,DKI Jakarta,26186,0.589398915000000,7852,15434,2900
227,KLENDER,296.831670944478901,Duren Sawit,Jakarta Timur,DKI Jakarta,88955,0.584272947000000,29781,51974,7200
228,CIPINANG MELAYU,262.203147153913335,Makasar,Jakarta Timur,DKI Jakarta,53140,0.587410613000000,16861,31215,5064
229,KARET KUNINGAN,168.267132426087301,Setiabudi,Jakarta Selatan,DKI Jakarta,19537,0.610636229000000,5776,11930,1831
230,TUGU UTARA,233.899164436963446,Koja,Jakarta Utara,DKI Jakarta,88446,0.573344187000000,31312,50710,6424
231,CIRACAS,391.071660872200653,Ciracas,Jakarta Timur,DKI Jakarta,82918,0.595250730000000,27445,49357,6116
232,ROA MALAKA,52.812116796337534,Tambora,Jakarta Barat,DKI Jakarta,3895,0.571245186000000,840,2225,830
233,RAMBUTAN,229.279219864946327,Ciracas,Jakarta Timur,DKI Jakarta,47064,0.588390277000000,15886,27692,3486
234,KEMBANGAN SELATAN,443.227070119432710,Kembangan,Jakarta Barat,DKI Jakarta,33727,0.592581611000000,10109,19986,3632
235,KALISARI,258.068126619603220,Pasar Rebo,Jakarta Timur,DKI Jakarta,54833,0.592234603000000,18036,32474,4323
236,BIDARA CINA,125.180125805692654,Jatinegara,Jakarta Timur,DKI Jakarta,45188,0.598167655000000,13653,27030,4505
237,CIPETE SELATAN,239.284595977271437,Cilandak,Jakarta Selatan,DKI Jakarta,32764,0.606153095000000,9878,19860,3026
238,LUBANG BUAYA,369.464409079991015,Cipayung,Jakarta Timur,DKI Jakarta,81289,0.590559608000000,27189,48006,6094
239,KRAMAT PELA,127.780331182874093,Kebayoran Baru,Jakarta Selatan,DKI Jakarta,17443,0.606260391000000,5021,10575,1847
240,JOHAR BARU,118.617973482866475,Johar Baru,Jakarta Pusat,DKI Jakarta,46387,0.590941428000000,14324,27412,4651
241,PULAU TIDUNG,122.562858165886794,Kepulauan Seribu Selatan,Kepulauan Seribu,DKI Jakarta,6093,0.566551781000000,2271,3452,370
242,RAGUNAN,475.321454295663557,Pasar Minggu,Jakarta Selatan,DKI Jakarta,49072,0.601340887000000,15280,29509,4283
243,ANGKE,79.780029928317731,Tambora,Jakarta Barat,DKI Jakarta,35497,0.602755162000000,10501,21396,3600
244,SRENGSENG SAWAH,560.387717202526346,Jagakarsa,Jakarta Selatan,DKI Jakarta,73617,0.594849016000000,24142,43791,5684
245,PONDOK RANGGON,521.250654191364788,Cipayung,Jakarta Timur,DKI Jakarta,32925,0.593378891000000,11241,19537,2147
246,CEMPAKA BARU,94.320492729097737,Kemayoran,Jakarta Pusat,DKI Jakarta,41466,0.593546520000000,13205,24612,3649
247,PADEMANGAN BARAT,148.012128148644678,Pademangan,Jakarta Utara,DKI Jakarta,93804,0.591147499000000,30726,55452,7626
248,PULAU UNTUNG JAWA,128.599879990223684,Kepulauan Seribu Selatan,Kepulauan Seribu,DKI Jakarta,2608,0.566334356000000,971,1477,160
249,SETU,281.666946461932014,Cipayung,Jakarta Timur,DKI Jakarta,26539,0.587475037000000,9102,15591,1846
250,MENTENG ATAS,104.156823576043394,Setiabudi,Jakarta Selatan,DKI Jakarta,33985,0.599735177000000,10446,20382,3157
251,KELAPA DUA,140.470291313285117,Kebon Jeruk,Jakarta Barat,DKI Jakarta,29564,0.598565823000000,9362,17696,2506
252,MAPHAR,60.730865759161382,Taman Sari,Jakarta Barat,DKI Jakarta,19576,0.588986514000000,5293,11530,2753
253,KRAMAT,72.649268553807289,Senen,Jakarta Pusat,DKI Jakarta,36549,0.593668773000000,11289,21698,3562
254,SUSUKAN,211.875272551367772,Ciracas,Jakarta Timur,DKI Jakarta,48613,0.594861457000000,16070,28918,3625
255,PENJARINGAN,444.220275314397838,Penjaringan,Jakarta Utara,DKI Jakarta,114099,0.592739638000000,38855,67631,7613
256,GUNUNG SAHARI SELATAN,167.095523055930101,Kemayoran,Jakarta Pusat,DKI Jakarta,24055,0.587694866000000,7062,14137,2856
257,KWITANG,43.153986101928709,Senen,Jakarta Pusat,DKI Jakarta,19248,0.577878221000000,5983,11123,2142
258,SERDANG,81.702653548849682,Kemayoran,Jakarta Pusat,DKI Jakarta,37383,0.596634834000000,11930,22304,3149
259,TEBET BARAT,160.945536570033681,Tebet,Jakarta Selatan,DKI Jakarta,25489,0.596492605000000,7123,15204,3162
260,TEBET TIMUR,131.304847215653581,Tebet,Jakarta Selatan,DKI Jakarta,21569,0.595345171000000,5942,12841,2786
261,RAWASARI,125.134492937185172,Cempaka Putih,Jakarta Pusat,DKI Jakarta,27094,0.605041707000000,7969,16393,2732
262,CEMPAKA PUTIH TIMUR,220.071678625345612,Cempaka Putih,Jakarta Pusat,DKI Jakarta,29380,0.600816882000000,8337,17652,3391
263,CEMPAKA PUTIH BARAT,125.656108236863815,Cempaka Putih,Jakarta Pusat,DKI Jakarta,44558,0.595336415000000,13797,26527,4234
264,MENTENG DALAM,245.461889775601918,Tebet,Jakarta Selatan,DKI Jakarta,44554,0.599856354000000,13837,26726,3991
265,BUKIT DURI,109.155280155521680,Tebet,Jakarta Selatan,DKI Jakarta,41975,0.593043478000000,12855,24893,4227
266,MENTENG,244.706113388877071,Menteng,Jakarta Pusat,DKI Jakarta,31717,0.588517199000000,9418,18666,3633
267,PEGANGSAAN,98.748061248832983,Menteng,Jakarta Pusat,DKI Jakarta,29184,0.591454221000000,8837,17261,3086
268,CIKINI,75.001243684258725,Menteng,Jakarta Pusat,DKI Jakarta,10086,0.594586556000000,2894,5997,1195
